{
  "adaad": {"color":"CYAN","art":["   ___    ____    ___     _     ___  ","  /   |  /    \\  |   \\   / \\   |   \\ "," |  A  | |  D  | | |) | / _ \\  | |) |"," | | | | | | | | |   / / ___ \\ |   / "," |_| |_| |_| |_| |__| /_/   \\_\\|__|  "]},
  "innovativeai": {"color":"BLUE","art":["  ___                     _             _        ___   ___  "," |_ _|  _ __   _   _   __| |  ___  _ __ (_) ___  |_ _| |_ _|","  | |  | '_ \\ | | | | / _` | / _ \\| '__|| |/ __|  | |   | | ","  | |  | | | || |_| || (_| ||  __/| |   | |\\__ \\  | |   | | "," |___| |_| |_| \\__,_| \\__,_| \\___||_|   |_|\\___/ |___| |___|"]},
  "beast": {"color":"RED","art":["  ____                 _     __  __           _      "," | __ )   ___   ___   | |_  |  \\/  |   ___   | |__   "," |  _ \\  / _ \\ / _ \\  | __| | |\\/| |  / _ \\  | '_ \\  "," | |_) ||  __/| (_) | | |_  | |  | | | (_) | | | | | "," |____/  \\___| \\___/   \\__| |_|  |_|  \\___/  |_| |_| "]}
}
